N-Z;N;Z;A;Element;mass_exc;mass_exc_unc;bind_ene;bind_ene_unc;beta_ene;A2;atomic_mass;atomic_mass_unc;delta;delta_I4;bind_ene_total;bind_ene_teo;bind_ene_teo_total;Diff_bind_ene;Diff_bind_ene_total;atomic_mass_teo;atomic_mass_calc;Diff_atomic_mass;mass_excess_calc;Diff_mass_excess;bind_ene_calc;Diff_bind_ene_calcs;B_e;M_N_teo;M_N_exp;Diff_nuclear_mass
0;52;52;104;Te;-49626.831;317.609;8.1573256;3.0539;*;103;96825.7599555657;0.3176087500630972;-1;1;848.3618624000001;8.053881807289686;837.6037079581274;0.10344379271031379;10.758154441872648;96836.51812712589;96825.75997268403;-1.7118320101872087e-05;-49626.83131429902;0.00031429902446689084;8.157325764599172;-1.645991716259232e-07;0.184644435472131;96810.13082612549;96799.3726545653;-10.758171560184564
0;54;54;108;Xe;-42632.357;379.497;8.0748886;3.5139;*;107;100558.73084509675;0.3794962868201503;-1;1;872.0879688;8.000876017041614;864.0946098404943;0.07401258295838531;7.993358959505713;100566.72421890059;100558.73085994109;-1.4844335964880884e-05;-42632.35666324752;-0.0003367524841451086;8.074888737447543;-1.3744754312483565e-07;0.2023782777170466;100539.33265384105;100531.33928003721;-7.99337380383804
